Workbook

Sheet Instructions
A1: Instructions
A5: Hello everyone and thank for choosing this program to keep track of your perfect file items in Final Fantasy IX! ;) First off, I want to congratulate you on
A6: completing Atomos199's Excalibur II Perfect Game challenge (if you have). Second, I hope that this program will be helpful and useful to you and your friends
A7: who also have completed this challenge. And third, it is an honor to help everyone who really wants to do this on the first try and not screw up and backtrack
A8: so much. If anyone has ways to make this better, PLEASE let me know. The best way of contacting me would be GameFAQS. My username is IllusionGamer90,
A9: so you can send me a private message and let me know of anything to make this better. And now, here are the instructions:
A11: 1. Click on the "Perfect Amounts" sheet below right next to the "Instructions" sheet. This will take you to every item in the game in their Auto position.
A12: What you will need to do is save first. Then, unequip every member and equip their weapon with something you have more than one of, like their missable
A13: weapons bought during the run. Then, you will need to Auto your inventory by opening the menu, going to Item, press O, go to Arrange, then finally Auto.
A15: 2. The items in the "Perfect Amounts" are in their Auto order, which is why I asked you to Auto your items. Click on the box "Your Desired Amount"
A16: on Potions and type in the amount you would like in your final inventory. Then Press Enter for the next item and so on. By default, the perfect amount is
A17: already typed in for you, but you can change this number if desired. After that is done, go through all of your items and type in the amount of the item in
... A43: 6. And for all those geeks out there, I have included a "Math Behind This" Sheet to show you how all this came along.

Sheet Perfect Amounts
A1: Item | B1: Cost | C1: Sell | D1: Your Desired Amount | E1: Specified Amount In File | F1: Amount for 'Perfect Amount'
A2: Potion | B2: 50 | C2: 25 | D2: 99 | E2: 0 | F2: 99
A3: Hi-Potion | B3: 200 | C3: 100 | D3: 99 | E3: 0 | F3: 99
A4: Ether | B4: 500 | C4: 1000 | D4: 99 | E4: 0 | F4: 99
A5: Elixir | B5: - | C5: 1 | D5: 99 | E5: 0 | F5: 99
A6: Phoenix Down | B6: 150 | C6: =B6/2 -> 75 | D6: 99 | E6: 0 | F6: 99
A7: Remedy | B7: 300 | C7: =B7/2 -> 150 | D7: 99 | E7: 0 | F7: 99
A8: Antidote | B8: 50 | C8: =B8/2 -> 25 | D8: 99 | E8: 0 | F8: 99
A9: Eye Drops | B9: 50 | C9: =B9/2 -> 25 | D9: 99 | E9: 0 | F9: 99
A10: Echo Screen | B10: 50 | C10: =B10/2 -> 25 | D10: 99 | E10: 0 | F10: 99
A11: Soft | B11: 100 | C11: =B11/2 -> 50 | D11: 99 | E11: 0 | F11: 99
A12: Magic Tag | B12: 100 | C12: =B12/2 -> 50 | D12: 99 | E12: 0 | F12: 99
A13: Annoyntment | B13: 150 | C13: =B13/2 -> 75 | D13: 99 | E13: 0 | F13: 99
A14: Vaccine | B14: 100 | C14: =B14/2 -> 50 | D14: 99 | E14: 0 | F14: 99
A15: Gysahl Greens | B15: 80 | C15: 30 | D15: 99 | E15: 0 | F15: 99
A16: Phoenix Pinion | B16: 300 | C16: 1000 | D16: 99 | E16: 0 | F16: 99
A17: Dead Pepper | B17: - | C17: 50 | D17: 99 | E17: 0 | F17: 99
A18: Tent | B18: 800 | C18: 400 | D18: 99 | E18: 0 | F18: 99
A19: Dark Matter | B19: - | C19: 1 | D19: 3 | E19: 0 | F19: 3 | G19: Missable
A20: Pinwheel | B20: 200 | C20: 100 | D20: 99 | E20: 0 | F20: 99
A21: Rising Sun | B21: 500 | C21: 250 | D21: 99 | E21: 0 | F21: 99
A22: Wing Edge | B22: - | C22: 1500 | D22: 99 | E22: 0 | F22: 99
A23: Hammer | B23: - | C23: 125 | D23: 1 | E23: 0 | F23: 1
A24: Dagger | B24: 320 | C24: 160 | D24: 2 | E24: 0 | F24: 2
A25: Mage Masher | B25: 500 | C25: 250 | D25: 2 | E25: 0 | F25: 2
A26: Mythril Dagger | B26: 950 | C26: =B26/2 -> 475 | D26: 2 | E26: 0 | F26: 2
A27: Gladius | B27: 2300 | C27: =B27/2 -> 1150 | D27: 2 | E27: 0 | F27: 2
A28: Zorlin Shape | B28: 6000 | C28: =B28/2 -> 3000 | D28: 2 | E28: 0 | F28: 2 | G28: Missable
A29: Orichalcon | B29: 17000 | C29: =B29/2 -> 8500 | D29: 2 | E29: 0 | F29: 2
A30: Butterfly Sword | B30: 300 | C30: 650 | D30: 2 | E30: 0 | F30: 2
A31: The Ogre | B31: 700 | C31: 850 | D31: 2 | E31: 0 | F31: 2
A32: Exploda | B32: 1000 | C32: 1400 | D32: 2 | E32: 0 | F32: 2
A33: Rune Tooth | B33: 2000 | C33: 1900 | D33: 2 | E33: 0 | F33: 2
A34: Angel Bless | B34: 9000 | C34: 3500 | D34: 2 | E34: 0 | F34: 2
A35: Sargatanas | B35: 12000 | C35: 4750 | D35: 2 | E35: 0 | F35: 2
A36: Masamune | B36: 16000 | C36: 6500 | D36: 2 | E36: 0 | F36: 2
A37: The Tower | B37: - | C37: 15000 | D37: 1 | E37: 0 | F37: 1
A38: Ultima Weapon | B38: - | C38: 20000 | D38: 1 | E38: 0 | F38: 1
A39: Broadsword | B39: 330 | C39: =B39/2 -> 165 | D39: 2 | E39: 0 | F39: 2
A40: Iron Sword | B40: 660 | C40: =B40/2 -> 330 | D40: 2 | E40: 0 | F40: 2
A41: Mythril Sword | B41: 1300 | C41: =B41/2 -> 650 | D41: 2 | E41: 0 | F41: 2 | G41: Missable
A42: Blood Sword | B42: - | C42: 950 | D42: 2 | E42: 0 | F42: 2 | G42: Missable
A43: Ice Brand | B43: 3780 | C43: =B43/2 -> 1890 | D43: 2 | E43: 0 | F43: 2
A44: Coral Sword | B44: 4000 | C44: =B44/2 -> 2000 | D44: 2 | E44: 0 | F44: 2
A45: Diamond Sword | B45: 4700 | C45: =B45/2 -> 2350 | D45: 2 | E45: 0 | F45: 2 | G45: Missable
A46: Flame Saber | B46: 5190 | C46: =B46/2 -> 2595 | D46: 2 | E46: 0 | F46: 2 | G46: Missable
A47: Rune Blade | B47: 8900 | C47: =B47/2 -> 4450 | D47: 2 | E47: 0 | F47: 2 | G47: Missable
A48: Defender | B48: 9340 | C48: =B48/2 -> 4670 | D48: 2 | E48: 0 | F48: 2
A49: Save the Queen | B49: 50000 | C49: 1 | D49: 1 | E49: 0 | F49: 1
A50: Ultima Sword | B50: 14000 | C50: 7000 | D50: 2 | E50: 0 | F50: 2
A51: Excalibur | B51: - | C51: 9500 | D51: 1 | E51: 0 | F51: 1
A52: Ragnarok | B52: - | C52: 14500 | D52: 1 | E52: 0 | F52: 1
A53: Excalibur II | B53: - | C53: 19500 | D53: 1 | E53: 0 | F53: 1 | G53: Missable
A54: Javelin | B54: 880 | C54: =B54/2 -> 440 | D54: 2 | E54: 0 | F54: 2 | G54: Missable
A55: Mythril Spear | B55: 1100 | C55: =B55/2 -> 550 | D55: 2 | E55: 0 | F55: 2
A56: Partisan | B56: 1600 | C56: =B56/2 -> 800 | D56: 2 | E56: 0 | F56: 2
A57: Ice Lance | B57: 2430 | C57: =B57/2 -> 1215 | D57: 2 | E57: 0 | F57: 2
A58: Trident | B58: 3580 | C58: =B58/2 -> 1790 | D58: 2 | E58: 0 | F58: 2 | G58: Missable
A59: Heavy Lance | B59: 4700 | C59: =B59/2 -> 2350 | D59: 2 | E59: 0 | F59: 2 | G59: Missable
A60: Obelisk | B60: 6000 | C60: =B60/2 -> 3000 | D60: 2 | E60: 0 | F60: 2 | G60: Missable
A61: Holy Spear | B61: 11000 | C61: =B61/2 -> 5500 | D61: 2 | E61: 0 | F61: 2
A62: Kain's Lance | B62: - | C62: 7500 | D62: 1 | E62: 0 | F62: 1
A63: Dragon's Hair | B63: - | C63: 11750 | D63: 1 | E63: 0 | F63: 1
A64: Cat's Claws | B64: 4000 | C64: =B64/2 -> 2000 | D64: 2 | E64: 0 | F64: 2
A65: Poison Knuckles | B65: 5000 | C65: =B65/2 -> 2500 | D65: 2 | E65: 0 | F65: 2
A66: Mythril Claws | B66: 6500 | C66: =B66/2 -> 3250 | D66: 2 | E66: 0 | F66: 2 | G66: Missable
A67: Scissor Fangs | B67: 8000 | C67: =B67/2 -> 4000 | D67: 2 | E67: 0 | F67: 2 | G67: Missable
A68: Dragon's Claws | B68: - | C68: 5180 | D68: 1 | E68: 0 | F68: 1
A69: Tiger Fangs | B69: 13500 | C69: =B69/2 -> 6750 | D69: 2 | E69: 0 | F69: 2 | G69: Missable
A70: Avenger | B70: 16000 | C70: =B70/2 -> 8000 | D70: 2 | E70: 0 | F70: 2
A71: Kaiser Knuckles | B71: 18000 | C71: =B71/2 -> 9000 | D71: 2 | E71: 0 | F71: 2
A72: Duel Claws | B72: - | C72: 10750 | D72: 1 | E72: 0 | F72: 1 | G72: Missable
A73: Rune Claws | B73: - | C73: 14400 | D73: 1 | E73: 0 | F73: 1
A74: Air Racket | B74: 400 | C74: =B74/2 -> 200 | D74: 3 | E74: 0 | F74: 3 | G74: Missable
A75: Multina Racket | B75: 750 | C75: =B75/2 -> 375 | D75: 3 | E75: 0 | F75: 3
A76: Magic Racket | B76: 1350 | C76: =B76/2 -> 675 | D76: 3 | E76: 0 | F76: 3
A77: Mythril Racket | B77: 2250 | C77: =B77/2 -> 1125 | D77: 3 | E77: 0 | F77: 3
A78: Priest's Racket | B78: 11000 | C78: 4000 | D78: 3 | E78: 0 | F78: 3
A79: Tiger Racket | B79: - | C79: 2900 | D79: 1 | E79: 0 | F79: 1
A80: Rod | B80: 260 | C80: =B80/2 -> 130 | D80: 2 | E80: 0 | F80: 2
A81: Mythril Rod | B81: 560 | C81: =B81/2 -> 280 | D81: 2 | E81: 0 | F81: 2
A82: Stardust Rod | B82: 760 | C82: =B82/2 -> 380 | D82: 2 | E82: 0 | F82: 2
A83: Healing Rod | B83: 1770 | C83: =B83/2 -> 885 | D83: 2 | E83: 0 | F83: 2
A84: Asura's Rod | B84: 3180 | C84: =B84/2 -> 1590 | D84: 2 | E84: 0 | F84: 2 | G84: Missable
A85: Wizard Rod | B85: 3990 | C85: =B85/2 -> 1995 | D85: 2 | E85: 0 | F85: 2
A86: Whale Whisker | B86: - | C86: 5140 | D86: 1 | E86: 0 | F86: 1
A87: Golem's Flute | B87: 2700 | C87: =B87/2 -> 1350 | D87: 2 | E87: 0 | F87: 2
A88: Lamia's Flute | B88: 3800 | C88: =B88/2 -> 1900 | D88: 2 | E88: 0 | F88: 2
A89: Fairy Flute | B89: 4500 | C89: =B89/2 -> 2250 | D89: 2 | E89: 0 | F89: 2 | G89: Missable
A90: Hamelin | B90: 5700 | C90: =B90/2 -> 2850 | D90: 2 | E90: 0 | F90: 2 | G90: Missable
A91: Siren's Flute | B91: 7000 | C91: =B91/2 -> 3500 | D91: 2 | E91: 0 | F91: 2
A92: Angel's Flute | B92: - | C92: 4150 | D92: 1 | E92: 0 | F92: 1
A93: Mage Staff | B93: 320 | C93: =B93/2 -> 160 | D93: 2 | E93: 0 | F93: 2
A94: Flame Staff | B94: 1100 | C94: =B94/2 -> 550 | D94: 2 | E94: 0 | F94: 2
A95: Ice Staff | B95: 980 | C95: =B95/2 -> 490 | D95: 2 | E95: 0 | F95: 2
A96: Lightning Staff | B96: 1200 | C96: =B96/2 -> 600 | D96: 2 | E96: 0 | F96: 2
A97: Oak Staff | B97: 2400 | C97: =B97/2 -> 1200 | D97: 2 | E97: 0 | F97: 2
A98: Cypress Pile | B98: 3200 | C98: =B98/2 -> 1600 | D98: 2 | E98: 0 | F98: 2
A99: Octagon Rod | B99: 4500 | C99: =B99/2 -> 2250 | D99: 2 | E99: 0 | F99: 2 | G99: Missable
A100: High Mage Staff | B100: 6000 | C100: =B100/2 -> 3000 | D100: 2 | E100: 0 | F100: 2
...

Sheet Future Treasures
A1: Item | B1: Location(s) | C1: Amount Gettting
A2: Ether | B2: Alexandria, Quan's Dwelling x2, Treno, | C2: 0
B3: Bird's Eye Lagoon x3, Forgotten Lagoon x5,
B4: Abandoned Lagoon x4, Forbidden Forest x7, | D4: *can also steal and win from various enemies*
B5: Dive Spot north of Conde Petie x9,
B6: Forgotten Plains x5
A8: Elixir | B8: Alexandria, Lindblum, Daguerreo x2, | C8: 0
B9: Steal from Ozma, Steal from Quale, | D9: *steal the rest from Yans*
B10: Steal from Deathguise, Forbidden Forest x2,
B11: Dive Spot north of Conde Petie x7, Stellazzio prize
A13: Remedy | B13: Alexandria | C13: 0
A15: Phoenix Pinion | B15: Randon Kupo Nut prize (up to 4), Stellazzio prize, | C15: 0 | D15: *can also steal and win from various enemies*
B16: Burmecia, Abandoned Beach x9, Sea at Dusk x15,
A18: Dark Matter | B18: Buy in Treno Auction, Steal from Ozma, | C18: 0 | D18: *disregard auction if gotten during run*
B19: Dropped from Ozma
A21: Wing Edge | B21: Uncultivated Land x3, Forbidden Forest x10, Trade | C21: 0 | D21: *Steal the rest from Crystal Tiamat (16/256) & (1/256)*
B22: 3500 H&C points
A24: Hammer | B24: Stellazzio prize | C24: 0
A26: Dagger | B26: Ipsen's Castle | C26: 0
A28: Ultima Weapon | B28: Dive Spot where Shimmering Island was | C28: 0
A30: Broadsword | B30: Ipsen's Castle | C30: 0
A32: Blood Sword | B32: Stellazzio prize | C32: 0
A34: Excalibur | B34: Daguerreo | C34: 0
A36: Ragnarok | B36: Outer Island 2 | C36: 0 | D36: *disregard if gotten during run*
A38: Javelin | B38: Ipsen's Castle | C38: 0
A40: Kain's Lance | B40: Memoria | C40: 0
A42: Dragon's Hair | B42: Mountain Crack northwest of Oeilvert | C42: 0
A44: Cat's Claws | B44: ipsen's Castle | C44: 0
A46: Dragon's Claws | B46: Forgotten Lagoon | C46: 0
A48: Kaiser Knuckles | B48: Dusk Plains | C48: 0 | D48: *disregard if gotten during run*
A50: Duel Claws | B50: Steal from Deathguise | C50: 0
A52: Rune Claws | B52: Memoria | C52: 0
A54: Air Racket | B54: Ipsen's Castle | C54: 0
A56: Tiger Racket | B56: Dive Spot below Quan's Dwelling | C56: 0
A58: Whale Whisker | B58: Ocean | C58: 0 | D58: *disregard if gotten during run*
A60: Golem's Flute | B60: Ipsen's Castle | C60: 0
A62: Angel's Flute | B62: Memoria | C62: 0
A64: Mage Staff | B64: Ipsen's Castle | C64: 0
A66: High Mage Staff | B66: Forbidden Forest | C66: 0
A68: Mace of Zeus | B68: Memoria | C68: 0
A70: Fork | B70: Ipsen's Castle | C70: 0
A72: Silver Fork | B72: Catch 23 Frogs | C72: 0
A74: Bistro Fork | B74: Catch 33 Frogs | C74: 0
A76: Gastro Fork | B76: Defeat Quale | C76: 0
A78: Pearl Armlet | B78: Dive Spot between Mist and Outer Continent x8 | C78: 0
A80: N-Kai Armlet | B80: Abandoned Lagoon | C80: 0
A82: Jade Armlet | B82: Uncultivated Land | C82: 0
A84: Thief Gloves | B84: Buy in Treno Auction | C84: 0 | D84: *disregard if gotten during run*
A86: Silver Gloves | B86: Lindblum | C86: 0
A88: Mythril Gloves | B88: Gizamaluke's Grotto | C88: 0
A90: Diamond Gloves | B90: Abandoned Beach | C90: 0
A92: Genji Gloves | B92: Dive Spot south of Forgotten Continent | C92: 0
A94: Gauntlets | B94: Mountain Crack northwest of Oeilvert | C94: 0 | D94: *disregard if gotten during run*
A96: Straw Hat | B96: Dive Spot between Mist and Outer Continent x8 | C96: 0
A98: Magus Hat | B98: Gizamaluke's Grotto | C98: 0
A100: Holy Miter | B100: Fairy Island | C100: 0 | D100: *disregard if gotten during run*
A102: Circlet | B102: Defeat Behemoth in Treno, Outer Island 2 | C102: 0
A104: Genji Helmet | B104: Mountain Crack northeast of Oeilvert | C104: 0
A106: Aloha T-shirt | B106: First Kupo Nut prize (Disc 4), Dive Spot between | C106: 0
B107: Mist and Outer Continent x7
A109: Bronze Vest | B109: Gizamaluke's Grotto | C109: 0
A111: Survival Vest | B111: Madain Sari | C111: 0 | D111: *disregard if gotten during run*
A113: Gaia Gear | B113: Faraway Lagoon | C113: 0
A115: Ninja Gear | B115: Steal from Quale | C115: 0
A117: Cotton Robe | B117: Between Mountains x2 | C117: 0
A119: Silk Robe | B119: Catch 9 Frogs | C119: 0
A121: Magician Robe | B121: Bird's Eye Lagoon | C121: 0
A123: Glutton's Robe | B123: Steal from Quale | C123: 0
A125: White Robe | B125: Sea at Dusk | C125: 0
A127: Black Robe | B127: Dive Spot south of forgotten Continent | C127: 0
A129: Light Robe | B129: Ocean | C129: 0 | D129: *disregard if gotten during run*
A131: Robe of Lords | B131: Stellazzio prize, Steal from Hades, Steal from | C131: 0
B132: Ozma, Steal from Quale, Trade 10,000 H&C points x∞
A134: Shield Armor | B134: Faraway Lagoon | C134: 0
A136: Demon's Mail | B136: Forgotten Plains | C136: 0
A138: Genji Armor | B138: Outer Island | C138: 0 | D138: *disregard if gotten during run*
A140: Maximillian | B140: Dive Spot where Shimmering Island was | C140: 0
A142: Sandals | B142: Dive Spot between Mist and Outer Continent x8 | C142: 0
A144: Feather Boots | B144: Abandoned Lagoon | C144: 0
A146: Battle Boots | B146: Steal from Hades, Catch 45 frogs | C146: 0
A148: Running Shoes | B148: Quan's Dwelling, Steal from Hades | C148: 0
A150: Anklet | B150: Random dig in Chocobo's Lagoon x∞ | C150: 0 | D150: *disregard if not obtaining this way*
A152: Black Belt | B152: Stellazzio prize, Steal from Deathguise | C152: 0
A154: Madain's Ring | B154: Mountain Crack northeast of Oeilvert | C154: 0
A156: Rosetta Ring | B156: Mountain Crack on Lost Continent, Dropped by | C156: 0
B157: Friendly Yan, Stellazzio prize
A159: Reflect Ring | B159: Steal from Hades | C159: 0
A161: Rebirth Ring | B161: Forgotten Island, Steal from Trance Kuja (don't | C161: 0
B162: count this in your final inventory unless you want | D162: *disregard Forgotten Island if gotten during run*
B163: to show it before Necron)
A165: Protect Ring | B165: Revive Mognet Central, Trade 8500 H&C points, | C165: 0
B166: Answer 13+ questions from Ragtime Mouse | D166: *get rest from playing Chocobo Hot and Cold*
B167: correctly, Mountain Crack in Lost Continent
A169: Pumice Piece | B169: Outer Island 2, Steal from Ozma | C169: 0
A171: Pumice | B171: Dropped from Ozma | C171: 0
A173: Pearl Rouge | B173: Buy from Treno Auction | C173: 0
A175: Cachusha | B175: Random dig in Chocobo's Lagoon x∞ | C175: 0
A177: Barette | B177: Ipsen's Castle, Random dig in Chocobo's Lagoon x∞ | C177: 0
A179: Ribbon | B179: Stiltzkin's deal in Alexandria, Buy from Treno | C179: 0 | D179: *disregard Forgotten Island if gotten during run*
B180: Auction, Forgotten Island
...

Sheet Buying and Synthing
A1: Buy | H1: Amount of Gil needed: | K1: =SUM(B11,B48,B69,B90,B122,B134,B163,B169,B181,B192,B217,B224,B233) -> 5247920 | L1: Gil
H2: *Be sure to sell necessary stuff before working on the Gil needed*
A3: Burmecia | H3: **Have the following before starting:** | L3: Get | N3: Amount Gotten
A4: Buy | B4: Item | C4: Cost | D4: Sell | E4: Total | F4: Amount Purchased | L4: =IF('Perfect Amounts'!D235+'Perfect Amounts'!D236+'Perfect Amounts'!D234+'Perfect Amounts'!D220+'Perfect Amounts'!D226-'Perfect Amounts'!E11<0,0,'Perfect Amounts'!D235+'Perfect Amounts'!D236+'Perfect Amounts'!D234+'Perfect Amounts'!D220+'Perfect Amounts'!D226-'Perfect Amounts'!E11-N4) -> 36 | M4: Soft
A5: ='Perfect Amounts'!D136-'Perfect Amounts'!E136+'Perfect Amounts'!D189-'Perfect Amounts'!E189-'Future Treasures'!C117+'Perfect Amounts'!D192-'Perfect Amounts'!E192-'Future Treasures'!C123+'Perfect Amounts'!D233-'Perfect Amounts'!E233-'Buying and Synthing'!F5 -> 22 | B5: Steepled Hat | C5: 260 | D5: =C5/2 -> 130 | E5: =IF(A5>0,C5*A5,D5*A5) -> 5720 | L5: =IF('Perfect Amounts'!D122+'Perfect Amounts'!D218-'Perfect Amounts'!E22-'Future Treasures'!C21<0,0,'Perfect Amounts'!D122+'Perfect Amounts'!D218-'Perfect Amounts'!E22-'Future Treasures'!C21-N5) -> 16 | M5: Wing Edge
A6: ='Perfect Amounts'!D137-'Perfect Amounts'!E137-'Buying and Synthing'!F6 -> 7 | B6: Headgear | C6: 330 | D6: =C6/2 -> 165 | E6: =IF(A6>0,C6*A6,D6*A6) -> 2310 | L6: =IF('Perfect Amounts'!D122+'Perfect Amounts'!D218+'Perfect Amounts'!D217-'Perfect Amounts'!E16-'Future Treasures'!C15<0,0,'Perfect Amounts'!D122+'Perfect Amounts'!D218+'Perfect Amounts'!D217-'Perfect Amounts'!E16-'Future Treasures'!C15-N6) -> 25 | M6: Phoenix Pinion
A7: ='Perfect Amounts'!D138-'Perfect Amounts'!E138+'Perfect Amounts'!D78-'Perfect Amounts'!E78+'Perfect Amounts'!D238-'Perfect Amounts'!E238-'Future Treasures'!C98-'Future Treasures'!C175-'Buying and Synthing'!F7 -> 14 | B7: Magus Hat | C7: 400 | D7: =C7/2 -> 200 | E7: =IF(A7>0,C7*A7,D7*A7) -> 5600 | L7: =IF('Perfect Amounts'!D226+'Perfect Amounts'!D220-'Perfect Amounts'!E251-'Future Treasures'!C203<0,0,'Perfect Amounts'!D226+'Perfect Amounts'!D220-'Perfect Amounts'!E251-'Future Treasures'!C203-N7) -> 14 | M7: Peridot
A8: ='Perfect Amounts'!D173-'Perfect Amounts'!E173-'Future Treasures'!C109-'Buying and Synthing'!F8 -> 7 | B8: Bronze Vest | C8: 670 | D8: =C8/2 -> 335 | E8: =IF(A8>0,C8*A8,D8*A8) -> 4690
A9: ='Perfect Amounts'!D226-'Perfect Amounts'!E226+'Perfect Amounts'!D220-'Perfect Amounts'!E220+'Perfect Amounts'!D234-'Perfect Amounts'!E234+'Perfect Amounts'!D199-'Perfect Amounts'!E199-'Future Treasures'!C150-'Future Treasures'!C159-'Buying and Synthing'!F9 -> 26 | B9: Linen Cuirass | C9: 800 | D9: =C9/2 -> 400 | E9: =IF(A9>0,C9*A9,D9*A9) -> 20800 | L9: Missable List
A11: TOTAL: | B11: =SUM(E5:E9) -> 39120 | L11: =-('Perfect Amounts'!D19-'Perfect Amounts'!E19-'Future Treasures'!C18) -> -3 | M11: Dark Matter
A12: Alexandria | L12: =-('Perfect Amounts'!D28-'Perfect Amounts'!E28+'Perfect Amounts'!D35-'Perfect Amounts'!E35+'Perfect Amounts'!D36-'Perfect Amounts'!E36+'Perfect Amounts'!D119-'Perfect Amounts'!E119-'Future Treasures'!C84) -> -9 | M12: Zorlin Shape
L13: =-('Perfect Amounts'!D41-'Perfect Amounts'!E41+'Perfect Amounts'!D212-'Perfect Amounts'!E212) -> -5 | M13: Mythril Sword
A14: Buy | B14: Item | C14: Cost | D14: Sell | E14: Total | F14: Amount Purchased | L14: =-('Perfect Amounts'!D42-'Future Treasures'!C32) -> -2 | M14: Blood Sword
A15: ='Perfect Amounts'!D26-'Perfect Amounts'!E26+'Perfect Amounts'!D34-'Perfect Amounts'!E34+'Perfect Amounts'!D33*2-'Perfect Amounts'!E33*2+'Perfect Amounts'!D32-'Perfect Amounts'!E32-'Buying and Synthing'!F15 -> 10 | B15: Mythril Dagger | C15: 950 | D15: =C15/2 -> 475 | E15: =IF(A15>0,C15*A15,D15*A15) -> 9500 | L15: =-('Perfect Amounts'!D45-'Perfect Amounts'!E45) -> -2 | M15: Diamond Sword
A16: ='Perfect Amounts'!D27-'Perfect Amounts'!E27+'Perfect Amounts'!D34-'Perfect Amounts'!E34+'Perfect Amounts'!D35-'Perfect Amounts'!E35+'Perfect Amounts'!D119-'Perfect Amounts'!E119-'Buying and Synthing'!F16 -> 9 | B16: Gladius | C16: 2300 | D16: =C16/2 -> 1150 | E16: =IF(A16>0,C16*A16,D16*A16) -> 20700 | L16: =-('Perfect Amounts'!D46-'Perfect Amounts'!E46) -> -2 | M16: Flame Saber
A17: ='Perfect Amounts'!D43-'Perfect Amounts'!E43-'Buying and Synthing'!F17 -> 2 | B17: Ice Brand | C17: 3780 | D17: =C17/2 -> 1890 | E17: =IF(A17>0,C17*A17,D17*A17) -> 7560 | L17: =-('Perfect Amounts'!D47-'Perfect Amounts'!E47) -> -2 | M17: Rune Blade
A18: ='Perfect Amounts'!D56-'Perfect Amounts'!E56-F18 -> 2 | B18: Partisan | C18: 1600 | D18: =C18/2 -> 800 | E18: =IF(A18>0,C18*A18,D18*A18) -> 3200 | L18: =-('Perfect Amounts'!D54-'Perfect Amounts'!E54+'Perfect Amounts'!D49-'Perfect Amounts'!E49-'Future Treasures'!C38) -> -3 | M18: Javelin
A19: ='Perfect Amounts'!D57-'Perfect Amounts'!E57-F19 -> 2 | B19: Ice Lance | C19: 2430 | D19: =C19/2 -> 1215 | E19: =IF(A19>0,C19*A19,D19*A19) -> 4860 | L19: =-('Perfect Amounts'!D58-'Perfect Amounts'!E58) -> -2 | M19: Trident
A20: ='Perfect Amounts'!D64-'Perfect Amounts'!E64-'Future Treasures'!C44-F20 -> 2 | B20: Cat's Claws | C20: 4000 | D20: =C20/2 -> 2000 | E20: =IF(A20>0,C20*A20,D20*A20) -> 8000 | L20: =-('Perfect Amounts'!D59-'Perfect Amounts'!E59) -> -2 | M20: Heavy Lance
A21: ='Perfect Amounts'!D65-'Perfect Amounts'!E65-F21 -> 2 | B21: Poison Knuckles | C21: 5000 | D21: =C21/2 -> 2500 | E21: =IF(A21>0,C21*A21,D21*A21) -> 10000 | L21: =-('Perfect Amounts'!D60-'Perfect Amounts'!E60) -> -2 | M21: Obelisk
A22: ='Perfect Amounts'!D82-'Perfect Amounts'!E82+'Perfect Amounts'!D156-'Perfect Amounts'!E156+'Perfect Amounts'!D224-'Perfect Amounts'!E224+'Perfect Amounts'!D225-'Perfect Amounts'!E225+'Perfect Amounts'!D226-'Perfect Amounts'!E226-'Future Treasures'!C154-'Future Treasures'!C156-'Future Treasures'!C159-'Future Treasures'!C102-F22 -> 36 | B22: Stardust Rod | C22: 760 | D22: =C22/2 -> 380 | E22: =IF(A22>0,C22*A22,D22*A22) -> 27360 | L22: =-('Perfect Amounts'!D66-'Perfect Amounts'!E66) -> -2 | M22: Mythril Claws
A23: ='Perfect Amounts'!D83-'Perfect Amounts'!E83-F23 -> 2 | B23: Healing Rod | C23: 1770 | D23: =C23/2 -> 885 | E23: =IF(A23>0,C23*A23,D23*A23) -> 3540 | L23: =-('Perfect Amounts'!D67-'Perfect Amounts'!E67) -> -2 | M23: Scissor Fangs
A24: ='Perfect Amounts'!D88-'Perfect Amounts'!E88-F24 -> 2 | B24: Lamia's Flute | C24: 3800 | D24: =C24/2 -> 1900 | E24: =IF(A24>0,C24*A24,D24*A24) -> 7600 | L24: =-('Perfect Amounts'!D69-'Perfect Amounts'!E69) -> -2 | M24: Tiger Fangs
A25: ='Perfect Amounts'!D94-'Perfect Amounts'!E94-F25 -> 2 | B25: Flame Staff | C25: 1100 | D25: =C25/2 -> 550 | E25: =IF(A25>0,C25*A25,D25*A25) -> 2200 | L25: =-('Perfect Amounts'!D74-'Perfect Amounts'!E74+'Perfect Amounts'!D78-'Perfect Amounts'!E78-'Future Treasures'!C54) -> -6 | M25: Air Racket
A26: ='Perfect Amounts'!D95-'Perfect Amounts'!E95-F26 -> 2 | B26: Ice Staff | C26: 980 | D26: =C26/2 -> 490 | E26: =IF(A26>0,C26*A26,D26*A26) -> 1960 | L26: =-('Perfect Amounts'!D84-'Perfect Amounts'!E84) -> -2 | M26: Asura's Rod
A27: ='Perfect Amounts'!D96-'Perfect Amounts'!E96+'Perfect Amounts'!D227-'Perfect Amounts'!E227-F27 -> 11 | B27: Lightning Staff | C27: 1200 | D27: =C27/2 -> 600 | E27: =IF(A27>0,C27*A27,D27*A27) -> 13200 | L27: =-('Perfect Amounts'!D89-'Perfect Amounts'!E89) -> -2 | M27: Fairy Flute
A28: ='Perfect Amounts'!D97-'Perfect Amounts'!E97-F28 -> 2 | B28: Oak Staff | C28: 2400 | D28: =C28/2 -> 1200 | E28: =IF(A28>0,C28*A28,D28*A28) -> 4800 | L28: =-('Perfect Amounts'!D90-'Perfect Amounts'!E90) -> -2 | M28: Hamelin
A29: ='Perfect Amounts'!D20-'Perfect Amounts'!E20-F29 -> 99 | B29: Pinwheel | C29: 200 | D29: =C29/2 -> 100 | E29: =IF(A29>0,C29*A29,D29*A29) -> 19800 | L29: =-('Perfect Amounts'!D99-'Perfect Amounts'!E99) -> -2 | M29: Octogon Rod
A30: ='Perfect Amounts'!D111-'Perfect Amounts'!E111+'Perfect Amounts'!D168-'Perfect Amounts'!E168+'Perfect Amounts'!D195-'Perfect Amounts'!E195+'Perfect Amounts'!D221-'Perfect Amounts'!E221+'Perfect Amounts'!D223-'Perfect Amounts'!E223-'Future Treasures'!C129-F30 -> 33 | B30: Glass Armlet | C30: 250 | D30: =C30/2 -> 125 | E30: =IF(A30>0,C30*A30,D30*A30) -> 8250 | L30: =-('Perfect Amounts'!D105-'Perfect Amounts'!E105-'Future Treasures'!C72) -> -2 | M30: Silver Fork
A31: ='Perfect Amounts'!D112-'Perfect Amounts'!E112+'Perfect Amounts'!D122-'Perfect Amounts'!E122+'Perfect Amounts'!D156-'Perfect Amounts'!E156+'Perfect Amounts'!D214-'Perfect Amounts'!E214+'Perfect Amounts'!D217-'Perfect Amounts'!E217+'Perfect Amounts'!D218-'Perfect Amounts'!E218+'Perfect Amounts'!D224-'Perfect Amounts'!E224+'Perfect Amounts'!D225-'Perfect Amounts'!E225+'Perfect Amounts'!D226-'Perfect Amounts'!E226-'Future Treasures'!C102-'Future Treasures'!C144-'Future Treasures'!C146-'Future Treasures'!C154-'Future Treasures'!C156-'Future Treasures'!C159-F31 -> 75 | B31: Bone Wrist | C31: 330 | D31: =C31/2 -> 165 | E31: =IF(A31>0,C31*A31,D31*A31) -> 24750 | L31: =-('Perfect Amounts'!D124-'Perfect Amounts'!E124+'Perfect Amounts'!D49-'Perfect Amounts'!E49-'Future Treasures'!C86) -> -4 | M31: Silver Gloves
A32: ='Perfect Amounts'!D113-'Perfect Amounts'!E113+'Perfect Amounts'!D119-'Perfect Amounts'!E119-F32 -> 10 | B32: Mythril Armlet | C32: 500 | D32: =C32/2 -> 250 | E32: =IF(A32>0,C32*A32,D32*A32) -> 5000 | L32: =-('Perfect Amounts'!D127-'Perfect Amounts'!E127-'Future Treasures'!C90) -> -3 | M32: Diamond Gloves
A33: ='Perfect Amounts'!D114-'Perfect Amounts'!E114+'Perfect Amounts'!D235-'Perfect Amounts'!E235+'Perfect Amounts'!D236-'Perfect Amounts'!E236-F33 -> 18 | B33: Magic Armlet | C33: 1000 | D33: =C33/2 -> 500 | E33: =IF(A33>0,C33*A33,D33*A33) -> 18000 | L33: =-('Perfect Amounts'!D130-'Perfect Amounts'!E130-'Future Treasures'!C92) -> -2 | M33: Genji Gloves
A34: ='Perfect Amounts'!D125-'Perfect Amounts'!E125+'Perfect Amounts'!D132-'Perfect Amounts'!E132-'Future Treasures'!C88-F34 -> 6 | B34: Mythril Gloves | C34: 980 | D34: =C34/2 -> 490 | E34: =IF(A34>0,C34*A34,D34*A34) -> 5880 | L34: =-('Perfect Amounts'!D139-'Perfect Amounts'!E139+'Perfect Amounts'!D190-'Perfect Amounts'!E190-'Future Treasures'!C119) -> -12 | M34: Bandana
A35: ='Perfect Amounts'!D126-'Perfect Amounts'!E126-F35 -> 3 | B35: Thunder Gloves | C35: 1200 | D35: =C35/2 -> 600 | E35: =IF(A35>0,C35*A35,D35*A35) -> 3600 | L35: =-('Perfect Amounts'!D146-'Perfect Amounts'!E146) -> -7 | M35: Green Beret
A36: ='Perfect Amounts'!D141-'Perfect Amounts'!E141+'Perfect Amounts'!D240-'Perfect Amounts'!E240-F36 -> 9 | B36: Lamia's Tiara | C36: 800 | D36: =C36/2 -> 400 | E36: =IF(A36>0,C36*A36,D36*A36) -> 7200 | L36: =-('Perfect Amounts'!D147-'Perfect Amounts'!E147) -> -6 | M36: Black Hood
A37: ='Perfect Amounts'!D142-'Perfect Amounts'!E142-F37 -> 7 | B37: Ritual Hat | C37: 1000 | D37: =C37/2 -> 500 | E37: =IF(A37>0,C37*A37,D37*A37) -> 7000 | L37: =-('Perfect Amounts'!D159-'Perfect Amounts'!E159) -> -3 | M37: Iron Helm
A38: ='Perfect Amounts'!D143-'Perfect Amounts'!E143+'Perfect Amounts'!D222-'Perfect Amounts'!E222-'Future Treasures'!C152-F38 -> 16 | B38: Twist Headband | C38: 1200 | D38: =C38/2 -> 600 | E38: =IF(A38>0,C38*A38,D38*A38) -> 19200 | L38: =-('Perfect Amounts'!D167-'Perfect Amounts'!E167-'Future Treasures'!C104) -> -2 | M38: Genji Helmet
A39: ='Perfect Amounts'!D239-'Perfect Amounts'!E239+'Perfect Amounts'!D236-'Perfect Amounts'!E236+'Perfect Amounts'!D160-'Perfect Amounts'!E160-'Future Treasures'!C177-F39 -> 11 | B39: Barbut | C39: 600 | D39: =C39/2 -> 300 | E39: =IF(A39>0,C39*A39,D39*A39) -> 6600 | L39: =-('Perfect Amounts'!D172-'Perfect Amounts'!E172) -> -3 | M39: Leather Plate
A40: ='Perfect Amounts'!D161-'Perfect Amounts'!E161-F40 -> 3 | B40: Mythril Helm | C40: 1000 | D40: =C40/2 -> 500 | E40: =IF(A40>0,C40*A40,D40*A40) -> 3000 | L40: =-('Perfect Amounts'!D174-'Perfect Amounts'!E174) -> -3 | M40: Chain Plate
A41: ='Perfect Amounts'!D162-'Perfect Amounts'!E162+'Perfect Amounts'!D155-'Perfect Amounts'!E155-F41 -> 10 | B41: Gold Helm | C41: 1800 | D41: =C41/2 -> 900 | E41: =IF(A41>0,C41*A41,D41*A41) -> 18000 | L41: =-('Perfect Amounts'!D175-'Perfect Amounts'!E175+'Perfect Amounts'!D188-'Perfect Amounts'!E188) -> -10 | M41: Mythril Vest
A42: ='Perfect Amounts'!D177-'Perfect Amounts'!E177+'Perfect Amounts'!D191-'Perfect Amounts'!E191+'Perfect Amounts'!D195-'Perfect Amounts'!E195-'Future Treasures'!C129-F42 -> 15 | B42: Magician Cloak | C42: 1850 | D42: =C42/2 -> 925 | E42: =IF(A42>0,C42*A42,D42*A42) -> 27750 | L42: =-('Perfect Amounts'!D180-'Perfect Amounts'!E180) -> -7 | M42: Judo Uniform
A43: ='Perfect Amounts'!D178-'Perfect Amounts'!E178+'Perfect Amounts'!D222-'Perfect Amounts'!E222-'Future Treasures'!C111-'Future Treasures'!C152-F43 -> 16 | B43: Survival Vest | C43: 2900 | D43: =C43/2 -> 1450 | E43: =IF(A43>0,C43*A43,D43*A43) -> 46400 | L43: =-('Perfect Amounts'!D200-'Perfect Amounts'!E200+'Perfect Amounts'!D212-'Perfect Amounts'!E212+'Perfect Amounts'!D221-'Perfect Amounts'!E221) -> -15 | M43: Chain Mail
A44: ='Perfect Amounts'!D179-'Perfect Amounts'!E179-F44 -> 3 | B44: Brigandine | C44: 4300 | D44: =C44/2 -> 2150 | E44: =IF(A44>0,C44*A44,D44*A44) -> 12900 | L44: =-('Perfect Amounts'!D203-'Perfect Amounts'!E203) -> -3 | M44: Gold Armor
A45: ='Perfect Amounts'!D201-'Perfect Amounts'!E201+'Perfect Amounts'!D212-'Perfect Amounts'!E212-F45 -> 6 | B45: Mythril Armor | C45: 1830 | D45: =C45/2 -> 915 | E45: =IF(A45>0,C45*A45,D45*A45) -> 10980 | L45: =-('Perfect Amounts'!D206-'Perfect Amounts'!E206) -> -3 | M45: Diamond Armor
A46: ='Perfect Amounts'!D202-'Perfect Amounts'!E202-F46 -> 3 | B46: Plate Mail | C46: 2320 | D46: =C46/2 -> 1160 | E46: =IF(A46>0,C46*A46,D46*A46) -> 6960 | L46: =-('Perfect Amounts'!D210-'Perfect Amounts'!E210-'Future Treasures'!C138) -> -2 | M46: Genji Armor
L47: =-('Perfect Amounts'!D219-'Perfect Amounts'!E219-'Future Treasures'!C148) -> -4 | M47: Running Shoes
A48: TOTAL: | B48: =SUM(E15:E46) -> 375750 | L48: =-('Perfect Amounts'!D228-'Perfect Amounts'!E228) -> -10 | M48: Promist Ring
A49: Dali | L49: =-('Perfect Amounts'!D229-'Perfect Amounts'!E229-'Future Treasures'!C161) -> -2 | M49: Rebirth Ring
L50: =-('Perfect Amounts'!D231-'Perfect Amounts'!E231-'Future Treasures'!C169) -> -3 | M50: Pumice Piece
A51: Buy | B51: Item | C51: Cost | D51: Sell | E51: Total | F51: Amount Purchased | L51: =-('Perfect Amounts'!D232-'Perfect Amounts'!E232-'Future Treasures'!C171) -> -1 | M51: Pumice
A52: ='Perfect Amounts'!D24-'Perfect Amounts'!E24+'Perfect Amounts'!D30-'Perfect Amounts'!E30-'Future Treasures'!C26-'Future Treasures'!C26-F52 -> 4 | B52: Dagger | C52: 320 | D52: =C52/2 -> 160 | E52: =IF(A52>0,C52*A52,A52*D52) -> 1280 | L52: =-('Perfect Amounts'!D241-'Perfect Amounts'!E241-'Future Treasures'!C179) -> -4 | M52: Ribbon
A53: ='Perfect Amounts'!D25-'Perfect Amounts'!E25+'Perfect Amounts'!D30-'Perfect Amounts'!E30+'Perfect Amounts'!D31*2-'Perfect Amounts'!E31*2+'Perfect Amounts'!D32-'Perfect Amounts'!E32-F53 -> 10 | B53: Mage Masher | C53: 500 | D53: =C53/2 -> 250 | E53: =IF(A53>0,C53*A53,A53*D53) -> 5000 | L53: =-('Perfect Amounts'!D247-'Perfect Amounts'!E247-'Future Treasures'!C194) -> -3 | M53: Diamond
A54: ='Perfect Amounts'!D39-'Perfect Amounts'!E39-'Future Treasures'!C30-F54 -> 2 | B54: Broadsword | C54: 330 | D54: =C54/2 -> 165 | E54: =IF(A54>0,C54*A54,A54*D54) -> 660 | L54: =-('Perfect Amounts'!D248-'Perfect Amounts'!E248-'Future Treasures'!C197) -> -2 | M54: Emerald
A55: ='Perfect Amounts'!D39-'Perfect Amounts'!E39-F55 -> 2 | B55: Iron Sword | C55: 660 | D55: =C55/2 -> 330 | E55: =IF(A55>0,C55*A55,A55*D55) -> 1320 | L55: =-('Perfect Amounts'!D249-'Perfect Amounts'!E249-'Future Treasures'!C200) -> -3 | M55: Moonstone
A56: ='Perfect Amounts'!D80-'Perfect Amounts'!E80+'Perfect Amounts'!D227-'Perfect Amounts'!E227-F56 -> 11 | B56: Rod | C56: 260 | D56: =C56/2 -> 130 | E56: =IF(A56>0,C56*A56,A56*D56) -> 2860 | L56: =-('Perfect Amounts'!D250-'Perfect Amounts'!E250-'Future Treasures'!C205) -> -2 | M56: Ruby
A57: ='Perfect Amounts'!D195-'Perfect Amounts'!E195+'Perfect Amounts'!D191-'Perfect Amounts'!E191+'Perfect Amounts'!D93-'Perfect Amounts'!E93-'Future Treasures'!C64-'Future Treasures'!C129-F57 -> 12 | B57: Mage Staff | C57: 320 | D57: =C57/2 -> 160 | E57: =IF(A57>0,C57*A57,A57*D57) -> 3840
A58: ='Perfect Amounts'!D109-'Perfect Amounts'!E109+'Perfect Amounts'!D189-'Perfect Amounts'!E189+'Perfect Amounts'!D192-'Perfect Amounts'!E192-F58 -> 14 | B58: Wrist | C58: 130 | D58: =C58/2 -> 65 | E58: =IF(A58>0,C58*A58,A58*D58) -> 1820
A59: ='Perfect Amounts'!D110-'Perfect Amounts'!E110+'Perfect Amounts'!D168-'Perfect Amounts'!E168+'Perfect Amounts'!D223-'Perfect Amounts'!E223+'Perfect Amounts'!D221-'Perfect Amounts'!E221-F59 -> 28 | B59: Leather Wrist | C59: 200 | D59: =C59/2 -> 100 | E59: =IF(A59>0,C59*A59,A59*D59) -> 5600
A60: ='Perfect Amounts'!D123-'Perfect Amounts'!E123-F60 -> 3 | B60: Bronze Gloves | C60: 480 | D60: =C60/2 -> 240 | E60: =IF(A60>0,C60*A60,A60*D60) -> 1440
A61: ='Perfect Amounts'!D133-'Perfect Amounts'!E133+'Perfect Amounts'!D122-'Perfect Amounts'!E122+'Perfect Amounts'!D213-'Perfect Amounts'!E213+'Perfect Amounts'!D214-'Perfect Amounts'!E214+'Perfect Amounts'!D215-'Perfect Amounts'!E215+'Perfect Amounts'!D217-'Perfect Amounts'!E217+'Perfect Amounts'!D218-'Perfect Amounts'!E218-'Future Treasures'!C144-'Future Treasures'!C146-F61 -> 59 | B61: Leather Hat | C61: 150 | D61: =C61/2 -> 75 | E61: =IF(A61>0,C61*A61,A61*D61) -> 8850
A62: ='Perfect Amounts'!D233-'Perfect Amounts'!E233+'Perfect Amounts'!D135-'Perfect Amounts'!E135-F62 -> 15 | B62: Feather Hat | C62: 200 | D62: =C62/2 -> 100 | E62: =IF(A62>0,C62*A62,A62*D62) -> 3000
A63: ='Perfect Amounts'!D157-'Perfect Amounts'!E157+'Perfect Amounts'!D78-'Perfect Amounts'!E78+'Perfect Amounts'!D238-'Perfect Amounts'!E238-'Future Treasures'!C175-F63 -> 10 | B63: Rubber Helm | C63: 250 | D63: =C63/2 -> 125 | E63: =IF(A63>0,C63*A63,A63*D63) -> 2500
A64: ='Perfect Amounts'!D158-'Perfect Amounts'!E158-F64 -> 3 | B64: Bronze Helm | C64: 330 | D64: =C64/2 -> 165 | E64: =IF(A64>0,C64*A64,A64*D64) -> 990
A65: ='Perfect Amounts'!D170-'Perfect Amounts'!E170+'Perfect Amounts'!D122-'Perfect Amounts'!E122+'Perfect Amounts'!D213-'Perfect Amounts'!E213+'Perfect Amounts'!D214-'Perfect Amounts'!E214+'Perfect Amounts'!D215-'Perfect Amounts'!E215+'Perfect Amounts'!D217-'Perfect Amounts'!E217+'Perfect Amounts'!D218-'Perfect Amounts'!E218-'Future Treasures'!C144-'Future Treasures'!C146-F65 -> 59 | B65: Leather Shirt | C65: 220 | D65: =C65/2 -> 110 | E65: =IF(A65>0,C65*A65,A65*D65) -> 12980
A66: ='Perfect Amounts'!D171-'Perfect Amounts'!E171+'Perfect Amounts'!D190-'Perfect Amounts'!E190-'Future Treasures'!C119-F66 -> 11 | B66: Silk Shirt | C66: 400 | D66: =C66/2 -> 200 | E66: =IF(A66>0,C66*A66,A66*D66) -> 4400
A67: ='Perfect Amounts'!D198-'Perfect Amounts'!E198-F67 -> 3 | B67: Bronze Armor | C67: 650 | D67: =C67/2 -> 325 | E67: =IF(A67>0,C67*A67,A67*D67) -> 1950
A69: TOTAL: | B69: =SUM(E52:E67) -> 58490
A70: Ipsen's Castle
A72: Buy | B72: Item | C72: Cost | D72: Sell | E72: Total | F72: Amount Purchased
A73: ='Perfect Amounts'!D55-'Perfect Amounts'!E55-F73 -> 2 | B73: Mythril Spear | C73: 1100 | D73: =C73/2 -> 550 | E73: =IF(A73>0,A73*C73,D73*A73) -> 2200
A74: ='Perfect Amounts'!D75-'Perfect Amounts'!E75+'Perfect Amounts'!D240-'Perfect Amounts'!E240-F74 -> 7 | B74: Multina Racket | C74: 750 | D74: =C74/2 -> 375 | E74: =IF(A74>0,A74*C74,D74*A74) -> 5250
A75: ='Perfect Amounts'!D188-'Perfect Amounts'!E188+'Perfect Amounts'!D81-'Perfect Amounts'!E81-F75 -> 5 | B75: Mythril Rod | C75: 560 | D75: =C75/2 -> 280 | E75: =IF(A75>0,A75*C75,D75*A75) -> 2800
A76: ='Perfect Amounts'!D103-'Perfect Amounts'!E103+'Perfect Amounts'!D236-'Perfect Amounts'!E236+'Perfect Amounts'!D239-'Perfect Amounts'!E239-'Future Treasures'!C177-F76 -> 10 | B76: Needle Fork | C76: 3100 | D76: =C76/2 -> 1550 | E76: =IF(A76>0,A76*C76,D76*A76) -> 31000
A77: ='Perfect Amounts'!D21-'Perfect Amounts'!E21 -> 99 | B77: Rising Sun | C77: 500 | D77: =C77/2 -> 250 | E77: =IF(A77>0,A77*C77,D77*A77) -> 49500 | H77: ***Also buy in Daquerro***
A78: ='Perfect Amounts'!D196-'Perfect Amounts'!E196+'Perfect Amounts'!D194-'Perfect Amounts'!E194+'Perfect Amounts'!D117-'Perfect Amounts'!E117-'Future Treasures'!C80-'Future Treasures'!C80-'Future Treasures'!C127-'Future Treasures'!C131-F78 -> 15 | B78: N-Kai Armlet | C78: 3000 | D78: =C78/2 -> 1500 | E78: =IF(A78>0,A78*C78,D78*A78) -> 45000
A79: ='Perfect Amounts'!D118-'Perfect Amounts'!E118+'Perfect Amounts'!D193-'Perfect Amounts'!E193+'Perfect Amounts'!D196-'Perfect Amounts'!E196-'Future Treasures'!C82-'Future Treasures'!C125-'Future Treasures'!C131-F79 -> 15 | B79: Jade Armlet | C79: 3400 | D79: =C79/2 -> 1700 | E79: =IF(A79>0,A79*C79,D79*A79) -> 51000
A80: ='Perfect Amounts'!D128-'Perfect Amounts'!E128+'Perfect Amounts'!D122-'Perfect Amounts'!E122-F80 -> 10 | B80: Venetia Shield | C80: 2800 | D80: =C80/2 -> 1400 | E80: =IF(A80>0,A80*C80,D80*A80) -> 28000
A81: ='Perfect Amounts'!D148-'Perfect Amounts'!E148-F81 -> 7 | B81: Red Hat | C81: 3000 | D81: =C81/2 -> 1500 | E81: =IF(A81>0,A81*C81,D81*A81) -> 21000
A82: ='Perfect Amounts'!D149-'Perfect Amounts'!E149+'Perfect Amounts'!D155-'Perfect Amounts'!E155-F82 -> 14 | B82: Golden Hairpin | C82: 3700 | D82: =C82/2 -> 1850 | E82: =IF(A82>0,A82*C82,D82*A82) -> 51800
A83: ='Perfect Amounts'!D163-'Perfect Amounts'!E163+'Perfect Amounts'!D168-'Perfect Amounts'!E168-F83 -> 6 | B83: Cross Helm | C83: 2200 | D83: =C83/2 -> 1100 | E83: =IF(A83>0,A83*C83,D83*A83) -> 13200
A84: ='Perfect Amounts'!D164-'Perfect Amounts'!E164-F84 -> 3 | B84: Diamond Helm | C84: 3000 | D84: =C84/2 -> 1500 | E84: =IF(A84>0,A84*C84,D84*A84) -> 9000
A85: ='Perfect Amounts'!D181-'Perfect Amounts'!E181-F85 -> 7 | B85: Power Vest | C85: 7200 | D85: =C85/2 -> 3600 | E85: =IF(A85>0,A85*C85,D85*A85) -> 50400
A86: ='Perfect Amounts'!D182-'Perfect Amounts'!E182+'Perfect Amounts'!D193-'Perfect Amounts'!E193+'Perfect Amounts'!D194-'Perfect Amounts'!E194+'Perfect Amounts'!D196*2-'Perfect Amounts'!E196*2-'Future Treasures'!C113-'Future Treasures'!C131-'Future Treasures'!C127-'Future Treasures'!C125-F86 -> 23 | B86: Gaia Gear | C86: 8700 | D86: =C86/2 -> 4350 | E86: =IF(A86>0,A86*C86,D86*A86) -> 200100
A87: ='Perfect Amounts'!D204-'Perfect Amounts'!E204-'Future Treasures'!C134-F87 -> 3 | B87: Shield Armor | C87: 4300 | D87: =C87/2 -> 2150 | E87: =IF(A87>0,A87*C87,D87*A87) -> 12900
A88: ='Perfect Amounts'!D205-'Perfect Amounts'!E205-'Future Treasures'!C136-F88 -> 3 | B88: Demon's Mail | C88: 5900 | D88: =C88/2 -> 2950 | E88: =IF(A88>0,A88*C88,D88*A88) -> 17700
A90: TOTAL: | B90: =SUM(E73:E88) -> 590850
A91: Daguerreo
A93: Buy | B93: Item | C93: Cost | D93: Sell | E93: Total | F93: Amount Purchased
A94: ='Perfect Amounts'!D36-'Perfect Amounts'!E36+'Perfect Amounts'!D29-'Perfect Amounts'!E29-F94 -> 4 | B94: Orichalcon | C94: 17000 | D94: =C94/2 -> 8500 | E94: =IF(A94>0,C94*A94,A94*D94) -> 68000
A95: ='Perfect Amounts'!D48-'Perfect Amounts'!E48-F95 -> 2 | B95: Defender | C95: 9340 | D95: =C95/2 -> 4670 | E95: =IF(A95>0,C95*A95,A95*D95) -> 18680
A96: ='Perfect Amounts'!D50-'Perfect Amounts'!E50-F96 -> 2 | B96: Ultima Sword | C96: 14000 | D96: =C96/2 -> 7000 | E96: =IF(A96>0,C96*A96,A96*D96) -> 28000
A97: ='Perfect Amounts'!D61-'Perfect Amounts'!E61+'Perfect Amounts'!D156-'Perfect Amounts'!E156+'Perfect Amounts'!D225-'Perfect Amounts'!E225-'Future Treasures'!C102-'Future Treasures'!C156-F97 -> 18 | B97: Holy Lance | C97: 11000 | D97: =C97/2 -> 5500 | E97: =IF(A97>0,C97*A97,A97*D97) -> 198000
A98: ='Perfect Amounts'!D70-'Perfect Amounts'!E70-F98 -> 2 | B98: Avenger | C98: 16000 | D98: =C98/2 -> 8000 | E98: =IF(A98>0,C98*A98,A98*D98) -> 32000
A99: ='Perfect Amounts'!D71-'Perfect Amounts'!E71-'Future Treasures'!C48-F99 -> 2 | B99: Kaiser Knuckles | C99: 18000 | D99: =C99/2 -> 9000 | E99: =IF(A99>0,C99*A99,A99*D99) -> 36000
A100: ='Perfect Amounts'!D77-'Perfect Amounts'!E77-F100 -> 3 | B100: Mythril Racket | C100: 2250 | D100: =C100/2 -> 1125 | E100: =IF(A100>0,C100*A100,A100*D100) -> 6750
A101: ='Perfect Amounts'!D102-'Perfect Amounts'!E102+'Perfect Amounts'!D122-'Perfect Amounts'!E122+'Perfect Amounts'!D215-'Perfect Amounts'!E215+'Perfect Amounts'!D214-'Perfect Amounts'!E214+'Perfect Amounts'!D217-'Perfect Amounts'!E217+'Perfect Amounts'!D218-'Perfect Amounts'!E218-'Future Treasures'!C70-'Future Treasures'!C144-'Future Treasures'!C146-F101 -> 45 | B101: Fork | C101: 1100 | D101: =C101/2 -> 550 | E101: =IF(A101>0,C101*A101,A101*D101) -> 49500
A102: ='Perfect Amounts'!D106-'Perfect Amounts'!E106-F102 -> 2 | B102: Bistro Fork | C102: 10300 | D102: =C102/2 -> 5150 | E102: =IF(A102>0,C102*A102,A102*D102) -> 20600
B103: Rising Sun | C103: 500 | D103: =C103/2 -> 250
A104: ='Perfect Amounts'!D116-'Perfect Amounts'!E116+'Perfect Amounts'!D187-'Perfect Amounts'!E187-F104 -> 11 | B104: Egotist's Armlet | C104: 2000 | D104: =C104/2 -> 1000 | E104: =IF(A104>0,C104*A104,A104*D104) -> 22000
A105: ='Perfect Amounts'!D132-'Perfect Amounts'!E132+'Perfect Amounts'!D120-'Perfect Amounts'!E120-F105 -> 11 | B105: Dragon Wrist | C105: 4800 | D105: =C105/2 -> 2400 | E105: =IF(A105>0,C105*A105,A105*D105) -> 52800
...

Sheet Math Behind This
A1: Math Behind This
